{"cameraMode":{"drawMode":0,"name":"Shaded","section":"Shading Mode"},"sceneLighting":true,"audioPlay":false,"sceneViewState":{"m_AlwaysRefresh":false,"showFog":true,"showSkybox":true,"showFlares":true,"showImageEffects":true,"showParticleSystems":true,"showVisualEffectGraphs":true,"m_FxEnabled":true},"in2DMode":false,"pivot":{"x":1.183890700340271,"y":2.832141876220703,"z":-2.3159990310668947},"rotation":{"x":-0.009800850413739682,"y":-0.9423892498016357,"z":0.33324941992759707,"w":-0.027701688930392267},"size":1.0899556875228882,"orthographic":true}