{"cameraMode":{"drawMode":0,"name":"Shaded","section":"Shading Mode"},"sceneLighting":true,"audioPlay":false,"sceneViewState":{"m_AlwaysRefresh":false,"showFog":true,"showSkybox":true,"showFlares":true,"showImageEffects":true,"showParticleSystems":true,"showVisualEffectGraphs":true,"m_FxEnabled":true},"in2DMode":false,"pivot":{"x":3.5301952362060549,"y":-11.822860717773438,"z":-2.3173861503601076},"rotation":{"x":0.47270628809928896,"y":0.47420838475227358,"z":-0.33925703167915347,"w":0.6607423424720764},"size":11.081637382507325,"orthographic":false}